FirstName,LastName,Username,OrgUnitPath,Group,Alias,Email
Ravi,Mehta,ravi.mehta,/Engineering,engineering@sanjaytech.io,r.mehta,ravi.mehta@sanjaytech.io
Fatima,Khan,fatima.khan,/HR,hr-team@sanjaytech.io,f.khan,fatima.khan@sanjaytech.io
Priya,Menon,priya.menon,/HR,hr-team@sanjaytech.io,p.menon,priya.menon@sanjaytech.io

